time;x;y;fx;fy
63;120;-120;0;0
126;120;-120;0;0
189;120;-120;0;49
252;120;-120;0;49
315;120;-120;0;49
378;120;-120;0;49
441;120;-120;0;49
504;120;-118;0;134
567;120;-116;0;134
630;120;-114;0;134
693;120;-112;0;134
756;120;-109;0;152
819;120;-107;0;152
882;120;-105;0;152
945;120;-103;0;152
1008;120;-99;0;152
1071;120;-97;0;152
1134;120;-95;0;127
1197;120;-93;0;127
1260;120;-90;0;127
1323;120;-88;0;127
1386;120;-86;0;127
1449;120;-85;0;139
1512;120;-81;0;139
1575;120;-79;0;139
1638;120;-76;0;139
1701;120;-75;0;139
1764;120;-70;0;141
1827;120;-68;0;141
1890;120;-66;0;141
1953;120;-65;0;141
2016;120;-60;0;143
2079;120;-58;0;143
2142;120;-56;0;143
2205;120;-54;0;143
2268;120;-50;0;143
2331;120;-48;0;157
2394;120;-46;0;157
2457;120;-44;0;157
2520;120;-40;0;157
2583;120;-38;0;157
2646;120;-36;0;159
2709;120;-33;0;159
2772;120;-28;0;159
2835;120;-26;0;159
2898;120;-23;0;159
2961;120;-21;0;157
3024;120;-16;0;157
3087;120;-14;0;157
3150;120;-12;0;157
3213;120;-10;0;157
3276;120;-6;0;175
3339;120;-3;0;175
3402;120;-1;0;175
3465;120;1;0;175
3528;120;6;0;175
3591;120;9;0;225
3654;120;12;0;225
3717;120;16;0;225
3780;120;22;0;225
3843;120;26;0;225
3906;120;28;0;165
3969;120;31;0;165
4032;120;36;0;165
4095;120;38;0;165
4158;120;41;0;165
4221;120;43;0;137
4284;120;47;0;137
4347;120;49;0;137
4410;120;51;0;137
4473;120;53;0;137
4536;120;57;0;166
4599;120;60;0;166
4662;120;62;0;166
4725;120;65;0;166
4788;120;70;0;166
4851;120;72;0;115
4914;120;74;0;115
4977;120;75;0;115
5040;120;78;0;115
5103;120;80;0;115
5166;120;81;0;132
5229;120;83;0;132
5292;120;84;0;132
5355;120;88;0;132
5418;120;90;0;132
5481;120;91;0;132
5544;120;96;0;166
5607;120;99;0;166
5670;120;101;0;166
5733;120;104;0;166
5796;120;107;0;93
5859;120;107;0;93
5922;120;107;0;93
5985;120;107;0;93
6048;120;107;0;93
6111;120;107;0;112
6174;120;109;0;112
6237;120;110;0;112
6300;120;113;0;112
6363;120;115;0;112
6426;120;116;0;81
6489;120;116;0;81
6552;120;116;0;81
6615;120;116;0;81
6678;120;116;0;81
6741;120;116;0;0
6804;120;116;0;0
6867;120;116;0;0
6930;120;116;0;0
6993;120;116;0;0
7056;120;116;0;0
7119;120;116;0;0
7182;120;116;0;0
7245;120;116;0;0
7308;120;116;0;0
7371;120;116;0;0
7434;120;116;0;0
7497;120;116;0;0
7560;120;116;0;0
7623;120;116;0;0
7686;120;116;0;0
7749;120;116;0;0
7812;120;116;0;0
7875;120;116;0;0
7938;120;116;0;-27
8001;120;116;-45;-27
8064;120;116;-45;-27
8127;120;116;-45;-27
8190;120;116;-45;-27
8253;120;116;-72;-46
8316;120;116;-72;-46
8379;120;116;-72;-46
8442;120;116;-72;-46
8505;120;116;-72;-46
8568;120;116;-99;-99
8631;120;116;-99;-99
8694;120;116;-99;-99
8757;120;116;-99;-99
8820;120;116;-99;-99
8883;120;115;-110;-116
8946;120;114;-110;-116
9009;120;111;-110;-116
9072;120;109;-110;-116
9135;120;108;-110;-116
9198;119;107;-122;-88
9261;116;107;-122;-88
9324;114;107;-122;-88
9387;112;107;-122;-88
9450;111;107;-122;-88
9513;109;107;-102;-87
9576;109;107;-102;-87
9639;109;107;-102;-87
9702;109;107;-102;-87
9765;109;107;-102;-87
9828;108;105;-112;-133
9891;106;103;-112;-133
9954;105;102;-112;-133
10017;103;100;-112;-133
10080;100;96;-112;-133
10143;98;95;-138;-115
10206;96;93;-138;-115
10269;93;90;-138;-115
10332;91;89;-138;-115
10395;89;87;-138;-115
10458;87;86;-115;-134
10521;84;82;-115;-134
10584;82;80;-115;-134
10647;81;79;-115;-134
10710;80;77;-115;-134
10773;77;73;-111;-152
10836;75;71;-111;-152
10899;74;69;-111;-152
10962;72;67;-111;-152
11025;69;63;-115;-121
11088;68;61;-115;-121
11151;66;60;-115;-121
11214;65;58;-115;-121
11277;62;55;-115;-121
11340;60;54;-124;-106
11403;58;54;-124;-106
11466;57;54;-124;-106
11529;55;54;-124;-106
11592;52;54;-124;-106
11655;50;54;-124;-144
11718;48;52;-124;-144
11781;46;50;-124;-144
11844;43;46;-124;-144
11907;41;44;-124;-144
11970;40;42;-124;-144
12033;37;38;-114;-122
12096;35;37;-114;-122
12159;32;34;-114;-122
12222;32;34;-114;-122
12285;29;31;-126;-112
12348;27;29;-126;-112
12411;25;28;-126;-112
12474;24;26;-126;-112
12537;20;23;-126;-112
12600;19;21;-128;-130
12663;17;20;-128;-130
12726;13;16;-128;-130
12789;12;14;-128;-130
12852;10;13;-128;-130
12915;8;11;-122;-124
12978;5;8;-122;-124
13041;3;6;-122;-124
13104;1;4;-122;-124
13167;0;2;-122;-124
13230;-1;1;-128;-119
13293;-5;-1;-128;-119
13356;-6;-3;-128;-119
13419;-8;-4;-128;-119
13482;-10;-6;-128;-119
13545;-13;-9;-127;-112
13608;-15;-10;-127;-112
13671;-17;-12;-127;-112
13734;-19;-13;-127;-112
13797;-22;-16;-117;-108
13860;-24;-16;-117;-108
13923;-25;-16;-117;-108
13986;-27;-16;-117;-108
14049;-30;-16;-117;-108
14112;-31;-16;-117;-108
14175;-31;-18;-106;-133
14238;-31;-21;-106;-133
14301;-31;-23;-106;-133
14364;-31;-25;-106;-133
14427;-31;-26;-106;-133
14490;-31;-28;-101;-117
14553;-31;-31;-101;-117
14616;-31;-32;-101;-117
14679;-31;-34;-101;-117
14742;-32;-37;-120;-118
14805;-34;-38;-120;-118
14868;-35;-40;-120;-118
14931;-37;-41;-120;-118
14994;-40;-44;-120;-118
15057;-42;-46;-127;-128
15120;-44;-48;-127;-128
15183;-45;-49;-127;-128
15246;-47;-51;-127;-128
15309;-49;-53;-127;-128
15372;-52;-56;-107;-111
15435;-52;-58;-107;-111
15498;-52;-59;-107;-111
15561;-52;-62;-107;-111
15624;-52;-64;-107;-111
15687;-52;-65;-107;-114
15750;-52;-67;-127;-114
15813;-56;-70;-127;-114
15876;-57;-71;-127;-114
15939;-59;-73;-127;-114
16002;-61;-74;-127;-96
16065;-65;-74;-154;-96
16128;-67;-74;-154;-96
16191;-70;-74;-154;-96
16254;-74;-74;-154;-96
16317;-76;-75;-154;-113
16380;-78;-77;-119;-113
16443;-79;-78;-119;-113
16506;-81;-80;-119;-113
16569;-82;-81;-119;-113
16632;-85;-83;-119;-106
16695;-87;-83;-115;-106
16758;-88;-83;-115;-106
16821;-91;-83;-115;-106
16884;-93;-83;-115;-106
16947;-94;-84;-115;-129
17010;-97;-88;-108;-129
17073;-97;-89;-108;-129
17136;-97;-91;-108;-129
17199;-97;-93;-108;-129
17262;-97;-94;-108;-121
17325;-97;-96;-108;-121
17388;-97;-100;-98;-121
17451;-97;-101;-98;-121
17514;-97;-103;-98;-121
17577;-97;-104;-98;-109
17640;-97;-104;-129;-109
17703;-99;-104;-129;-109
17766;-101;-104;-129;-109
17829;-104;-104;-129;-121
17892;-106;-106;-129;-121
17955;-107;-108;-127;-121
18018;-111;-111;-127;-121
18081;-113;-113;-127;-121
18144;-114;-115;-127;-99
18207;-116;-115;-127;-99
18270;-118;-115;-66;-99
18333;-118;-115;-66;-99
18396;-118;-115;-66;-99
18459;-118;-115;-66;-99
18522;-118;-115;-66;-48
18585;-118;-115;-47;-48
18648;-118;-115;-47;-48
18711;-118;-115;-47;-48
18774;-118;-115;-47;-48
18837;-118;-115;-47;0
18900;-118;-115;-49;0
18963;-118;-115;-49;0
19026;-118;-115;-49;0
19089;-118;-115;-49;0
19152;-118;-115;-49;0
19215;-118;-114;-38;133
19278;-118;-110;-38;133
19341;-118;-108;-38;133
19404;-118;-107;-38;133
19467;-118;-105;-38;133
19530;-118;-103;-38;140
19593;-118;-99;-38;140
19656;-118;-97;-38;140
19719;-118;-95;-38;140
19782;-118;-91;-31;119
19845;-118;-90;-31;119
19908;-118;-88;-31;119
19971;-118;-87;-31;119
20034;-118;-85;-31;119
20097;-118;-82;-41;176
20160;-118;-80;-41;176
20223;-118;-77;-41;176
20286;-118;-75;-41;176
20349;-118;-70;-41;176
20412;-118;-67;-49;219
20475;-118;-64;-49;219
20538;-118;-61;-49;219
20601;-118;-54;-49;219
20664;-118;-51;-49;219
20727;-118;-48;-49;219
20790;-118;-43;-44;150
20853;-118;-41;-44;150
20916;-118;-39;-44;150
20979;-118;-37;-44;150
21042;-118;-33;-45;150
21105;-118;-31;-45;162
21168;-118;-28;-45;162
21231;-118;-23;-45;162
21294;-118;-23;-45;162
21357;-118;-18;-32;162
21420;-118;-17;-32;0
21483;-118;-17;-32;0
21546;-118;-17;-32;0
21609;-118;-17;-32;0
21672;-118;-17;0;0
21735;-118;-17;0;0
21798;-118;-17;0;0
21861;-118;-17;0;0
21924;-118;-17;0;0
21987;-118;-17;0;0
22050;-118;-17;0;0
22113;-118;-17;0;0
22176;-118;-17;0;0
22239;-118;-17;0;0
22302;-118;-17;-28;0
22365;-118;-17;-28;0
22428;-118;-17;-28;0
22491;-118;-17;-28;0
22554;-118;-17;-27;0
22617;-118;-17;-27;0
22680;-118;-17;-27;0
22743;-118;-17;-27;0
22806;-118;-17;-27;0
22869;-118;-17;-27;0
22932;-118;-17;-33;0
22995;-118;-17;-33;41
23058;-118;-17;-33;41
23121;-118;-17;-33;41
23184;-118;-17;-33;41
23247;-118;-17;-34;47
23310;-118;-17;-34;47
23373;-118;-17;-34;47
23436;-118;-17;-34;47
23499;-118;-17;-34;47
23562;-118;-17;-34;0
23625;-118;-17;-34;0
23688;-118;-17;-34;0
23751;-118;-17;-34;0
23814;-118;-17;-34;0
23877;-118;-17;-32;0
23940;-118;-17;-32;0
24003;-118;-17;-32;0
24066;-118;-17;-32;0
24129;-118;-17;-34;0
24192;-118;-17;-34;-58
24255;-118;-17;-34;-58
24318;-118;-17;-34;-58
24381;-118;-17;-34;-58
24444;-118;-17;-31;-58
24507;-118;-18;-31;-118
24570;-118;-21;-31;-118
24633;-118;-21;-31;-118
24696;-118;-24;-31;-118
24759;-118;-25;-32;-118
24822;-118;-28;-32;-131
24885;-118;-30;-32;-131
24948;-118;-32;-32;-131
25011;-118;-34;-32;-131
25074;-118;-37;-34;-131
25137;-118;-37;-34;-131
25200;-118;-37;-34;-91
25263;-118;-37;-34;-91
25326;-118;-37;-34;-91
25389;-118;-37;-34;-91
25452;-118;-37;-34;-109
25515;-118;-37;-34;-109
25578;-118;-37;-34;-109
25641;-118;-37;-34;-109
25704;-118;-37;-28;-109
25767;-118;-39;-28;-210
25830;-118;-43;-28;-210
25893;-118;-49;-28;-210
25956;-118;-53;-28;-210
26019;-118;-56;-34;-210
26082;-118;-59;-34;-160
26145;-118;-64;-34;-160
26208;-118;-67;-34;-160
26271;-118;-69;-34;-160
26334;-118;-74;-40;-89
26397;-118;-74;-40;-89
26460;-118;-74;-40;-89
26523;-118;-74;-40;-89
26586;-118;-74;-43;-89
26649;-118;-74;-43;-89
26712;-118;-74;-43;-143
26775;-118;-76;-43;-143
26838;-118;-80;-43;-143
26901;-118;-80;-43;-143
26964;-118;-84;-35;-143
27027;-118;-86;-35;-143
27090;-118;-91;-35;-163
27153;-118;-93;-35;-163
27216;-118;-96;-35;-163
27279;-118;-98;-39;-163
27342;-118;-103;-39;-163
27405;-118;-104;-39;-81
27468;-118;-104;-39;-81
27531;-118;-104;-39;-81
27594;-118;-104;-52;-81
27657;-118;-104;-52;-81
27720;-118;-104;-52;-96
27783;-118;-104;-52;-96
27846;-118;-104;-52;-96
27909;-118;-104;-43;-96
27972;-118;-104;-43;-96
28035;-118;-105;-43;-170
28098;-118;-108;-43;-170
28161;-118;-113;-38;-170
28224;-118;-115;-38;-170
28287;-118;-118;-38;-170
28350;-118;-119;-38;-102
28413;-118;-119;-38;-102
28476;-118;-119;-66;-102
28539;-118;-119;-66;-102
28602;-118;-119;-66;-102
28665;-118;-119;-66;0
28728;-118;-119;-66;0
28791;-118;-119;-53;0
28854;-118;-119;-53;0
28917;-118;-119;-53;0
28980;-118;-119;-53;0
29043;-118;-119;-53;0
29106;-118;-119;-53;0
29169;-118;-119;0;0
29232;-118;-119;0;0
29295;-118;-119;0;0
29358;-118;-119;0;0
29421;-118;-119;0;0
29484;-118;-119;0;0
29547;-118;-119;0;0
29610;-118;-119;0;0
29673;-118;-119;0;0
29736;-118;-119;0;0
29799;-116;-119;144;0
29862;-114;-119;144;0
29925;-110;-119;144;-64
29988;-108;-119;144;-64
30051;-106;-119;144;-64
30114;-98;-119;265;-64
30177;-93;-119;265;-64
30240;-88;-119;265;-64
30303;-84;-119;265;-64
30366;-75;-119;291;-64
30429;-71;-119;291;-64
30492;-68;-119;291;-64
30555;-64;-119;291;-57
30618;-60;-119;291;-57
30681;-53;-119;300;-57
30744;-49;-119;300;-57
30807;-46;-119;300;-57
30870;-39;-119;300;-67
30933;-35;-119;300;-67
30996;-31;-119;300;-67
31059;-28;-119;374;-67
31122;-24;-119;374;-67
31185;-17;-119;374;-62
31248;-13;-119;374;-62
31311;-9;-119;374;-62
31374;-6;-119;385;-62
31437;1;-119;385;-59
31500;4;-119;385;-59
31563;8;-119;385;-59
31626;12;-119;385;-59
31689;19;-119;367;-59
31752;22;-119;367;-59
31815;26;-119;367;-54
31878;33;-119;367;-54
31941;37;-119;367;-54
32004;41;-119;329;-54
32067;44;-119;329;-54
32130;52;-119;329;-55
32193;55;-119;329;-55
32256;59;-119;329;-55
32319;63;-119;296;-55
32382;66;-119;296;-55
32445;70;-119;296;-60
32508;77;-119;296;-60
32571;81;-119;296;-60
32634;85;-119;247;-60
32697;94;-119;247;-58
32760;99;-119;247;-58
32823;104;-119;247;-58
32886;108;-119;247;-58
32949;116;-119;190;-58
33012;119;-119;190;-70
33075;122;-119;190;-70
33138;129;-119;190;-70
33201;132;-119;0;-70
33264;132;-119;0;-70
33327;132;-119;0;-53
33390;132;-119;0;-53
33453;132;-119;-44;-53
33516;132;-119;-44;-53
33579;132;-119;-44;-53
33642;132;-119;-44;-52
33705;132;-119;-44;-52
33768;132;-119;-44;-52
33831;132;-119;-62;-52
33894;132;-119;-62;-52
33957;132;-119;-62;-44
34020;132;-119;-62;-44
34083;132;-119;-62;-44
34146;132;-119;-94;-44
34209;132;-119;-94;-44
34272;132;-119;-94;-46
34335;132;-119;-94;-46
34398;132;-119;-94;-46
34461;131;-119;-117;-46
34524;129;-119;-117;-46
34587;128;-119;-117;-56
34650;126;-119;-117;-56
34713;123;-119;-117;-56
34776;123;-119;-102;-56
34839;123;-119;-102;-56
34902;123;-119;-102;-28
34965;123;-119;-102;-28
35028;123;-119;-102;-28
35091;123;-119;-60;-28
35154;123;-119;-60;0
35217;123;-119;-60;0
35280;123;-119;-60;0
35343;123;-119;-60;0
35406;123;-119;-60;0
35469;123;-119;-41;0
35532;123;-119;-41;0
35595;123;-119;-41;0
35658;123;-119;-41;0
35721;123;-119;-81;0
35784;123;-119;-81;0
35847;123;-119;-81;0
35910;123;-119;-81;0
35973;123;-119;-81;0
36036;123;-119;-81;0
36099;123;-119;-100;0
36162;123;-119;-100;0
36225;123;-119;-100;0
36288;123;-119;-100;0
36351;123;-119;-100;0
36414;121;-119;-140;96
36477;119;-119;-140;96
36540;115;-119;-140;96
36603;113;-119;-140;96
36666;111;-119;-140;96
36729;108;-119;-123;87
36792;106;-119;-123;87
36855;102;-119;-123;87
36918;102;-119;-123;87
36981;100;-119;0;0
37044;100;-119;0;0
37107;100;-119;0;0
37170;100;-119;0;0
37233;100;-119;0;0
37296;100;-119;0;0
37359;100;-119;0;0
37422;100;-119;0;0
37485;100;-119;0;0
37548;100;-119;27;0
37611;100;-119;27;0
37674;100;-119;27;0
37737;100;-119;27;0
37800;100;-119;27;0
37863;100;-119;70;0
37926;100;-119;70;0
37989;100;-119;70;0
38052;100;-119;70;0
38115;100;-119;70;0
38178;100;-119;70;0
38241;100;-119;0;0
38304;100;-119;0;0
38367;100;-119;0;0
38430;100;-119;0;0
38493;100;-119;0;0
38556;100;-119;31;0
38619;100;-119;31;0
38682;100;-119;31;0
38745;100;-119;31;0
38808;101;-119;148;0
38871;105;-119;148;0
38934;105;-119;148;0
38997;107;-119;148;0
39060;111;-119;148;0
39123;112;-119;49;0
39186;112;-119;49;0
39249;112;-119;49;0
39312;112;-119;49;0
39375;112;-119;49;0
39438;112;-119;0;0
39501;112;-119;-29;0
39564;112;-119;-29;0
39627;112;-119;-29;0
39690;112;-119;-29;0
39753;112;-119;-29;0
39816;112;-119;-33;59
39879;112;-119;-33;59
39942;112;-119;-33;59
40005;112;-119;-33;59
40068;112;-119;-81;287
40131;112;-115;-81;287
40194;112;-112;-81;287
40257;112;-108;-81;287
40320;112;-101;-81;287
40383;112;-97;-81;287
40446;109;-97;-124;0
40509;107;-97;-124;0
40572;106;-97;-124;0
40635;104;-97;-124;0
40698;101;-97;-114;0
40761;99;-97;-114;0
40824;98;-97;-114;0
40887;96;-97;-114;0
40950;95;-97;-114;0
41013;93;-97;-67;71
41076;93;-97;-67;71
41139;93;-97;-67;71
41202;93;-97;-67;71
41265;93;-97;-67;71
41328;93;-97;-63;77
41391;93;-97;-63;77
41454;93;-97;-63;77
41517;93;-97;-63;77
41580;93;-97;-63;77
41643;93;-97;-101;82
41706;93;-97;-101;82
41769;93;-97;-101;82
41832;93;-97;-101;82
41895;93;-97;-101;82
41958;90;-97;-135;91
42021;88;-97;-135;91
42084;86;-97;-135;91
42147;84;-97;-135;91
42210;81;-96;-115;132
42273;79;-95;-115;132
42336;78;-93;-115;132
42399;76;-91;-115;132
42462;73;-88;-115;132
42525;72;-86;-115;132
42588;72;-86;-51;67
42651;72;-86;-51;67
42714;72;-86;-51;67
42777;72;-86;-51;67
42840;72;-86;-51;67
42903;70;-86;-125;86
42966;67;-86;-125;86
43029;65;-86;-125;86
43092;64;-86;-125;86
43155;62;-86;-125;86
43218;60;-84;-134;238
43281;56;-76;-134;238
43344;55;-72;-134;238
43407;51;-65;-134;238
43470;51;-65;-134;238
43533;50;-59;-77;0
43596;50;-59;-77;0
43659;50;-59;-77;0
43722;50;-59;-77;0
43785;50;-59;-92;0
43848;50;-59;-92;99
43911;50;-59;-92;99
43974;50;-59;-92;99
44037;50;-59;-92;99
44100;50;-59;-105;99
44163;50;-55;-105;210
44226;50;-52;-105;210
44289;50;-49;-105;210
44352;50;-45;-105;210
44415;50;-42;-130;210
44478;46;-39;-130;53
44541;45;-39;-130;53
44604;43;-39;-130;53
44667;39;-39;-130;53
44730;37;-39;-144;53
44793;36;-39;-144;80
44856;32;-39;-144;80
44919;30;-39;-144;80
44982;30;-39;-144;80
45045;27;-39;-91;80
45108;27;-36;-91;203
45171;27;-33;-91;203
45234;27;-27;-91;203
45297;27;-23;-91;203
45360;27;-19;-100;87
45423;27;-19;-100;87
45486;27;-19;-100;87
45549;27;-19;-100;87
45612;27;-19;-100;87
45675;24;-19;-153;68
45738;21;-19;-153;68
45801;19;-19;-153;68
45864;17;-19;-153;68
45927;14;-19;-153;68
45990;10;-19;-140;188
46053;8;-16;-140;188
46116;6;-13;-140;188
46179;2;-8;-140;188
46242;1;-5;-84;188
46305;1;-3;-84;39
46368;1;-3;-84;39
46431;1;-3;-84;39
46494;1;-3;-84;39
46557;1;-3;-172;39
46620;-3;-3;-172;104
46683;-6;-3;-172;104
46746;-8;-3;-172;104
46809;-10;-3;-172;104
46872;-13;-3;-204;104
46935;-19;0;-204;289
46998;-22;3;-204;289
47061;-26;6;-204;289
47124;-32;13;-204;289
47187;-34;17;-121;289
47250;-36;18;-121;93
47313;-38;18;-121;93
47376;-41;18;-121;93
47439;-43;18;-121;93
47502;-45;18;-125;93
47565;-46;19;-125;168
47628;-48;22;-125;168
47691;-50;24;-125;168
47754;-51;27;-125;168
47817;-54;32;-104;168
47880;-54;34;-104;168
47943;-54;37;-104;168
48006;-54;41;-104;168
48069;-54;44;-104;168
48132;-54;46;-90;168
48195;-54;48;-90;70
48258;-54;48;-90;70
48321;-54;48;-90;70
48384;-54;48;-111;70
48447;-56;49;-111;151
48510;-57;51;-111;151
48573;-59;53;-111;151
48636;-62;57;-111;151
48699;-63;59;-106;151
48762;-63;61;-106;112
48825;-63;63;-106;112
48888;-63;65;-106;112
48951;-63;67;-106;112
49014;-63;68;-91;112
49077;-63;70;-91;41
49140;-63;70;-91;41
49203;-63;70;-91;41
49266;-63;70;-91;41
49329;-63;70;-91;41
49392;-63;70;-91;41
49455;-66;73;-138;126
49518;-68;75;-138;126
49581;-70;77;-138;126
49644;-71;78;-138;126
49707;-75;81;-153;94
49770;-78;81;-153;94
49833;-80;81;-153;94
49896;-82;81;-153;94
49959;-87;81;-153;94
50022;-89;82;-131;114
50085;-91;83;-131;114
50148;-94;86;-131;114
50211;-96;87;-131;114
50274;-98;89;-131;114
50337;-99;92;-101;122
50400;-99;96;-101;122
50463;-99;97;-101;122
50526;-99;99;-101;122
50589;-101;100;-116;51
50652;-102;100;-116;51
50715;-104;100;-116;51
50778;-105;100;-116;51
50841;-107;100;-116;51
50904;-110;100;-140;72
50967;-112;100;-140;72
51030;-114;100;-140;72
51093;-118;100;-140;72
51156;-120;100;-93;109
51219;-120;100;-93;109
51282;-120;100;-93;109
51345;-120;100;-93;109
51408;-120;100;-93;109
51471;-120;100;-93;109
51534;-120;103;-85;190
51597;-120;109;-85;190
51660;-120;112;-85;190
51723;-120;115;-85;190
51786;-120;118;-85;190
51849;-120;119;-76;72
51912;-120;119;-76;72
51975;-120;119;-76;72
52038;-120;119;-76;72
52101;-120;119;-76;72
52164;-120;119;-88;0
52227;-120;119;-88;0
52290;-120;119;-88;0
52353;-120;119;-88;0
52416;-120;119;-88;0
52479;-120;119;-91;40
52542;-120;119;-91;40
52605;-120;119;-91;40
52668;-120;119;-91;40
52731;-120;119;-44;55
52794;-120;119;-44;55
52857;-120;119;-44;55
52920;-120;119;-44;55
52983;-120;119;-44;55
53046;-120;119;-30;38
53109;-120;119;-30;38
53172;-120;119;-30;38
53235;-120;119;-30;38
53298;-120;119;-30;38
53361;-120;119;0;29
53424;-120;119;0;29
53487;-120;119;0;29
53550;-120;119;0;29
53613;-120;119;0;29
53676;-120;119;0;29
53739;-120;119;0;29
53802;-120;119;0;26
53865;-120;119;0;26
53928;-120;119;0;26
53991;-120;119;0;26
54054;-120;119;0;31
54117;-120;119;0;31
54180;-120;119;0;31
54243;-120;119;0;31
54306;-120;119;0;31
54369;-120;119;0;33
54432;-120;119;0;33
54495;-120;119;0;33
54558;-120;119;0;33
54621;-120;119;0;33
54684;-120;119;0;0
54747;-120;119;0;0
54810;-120;119;0;0
54873;-120;119;0;0
54936;-120;119;0;0
54999;-120;119;0;0
55062;-120;119;0;0
55125;-120;119;0;0
55188;-120;119;0;0
55251;-120;119;0;0
55314;-120;119;0;0
55377;-120;119;0;0
55440;-120;119;0;0
55503;-120;119;0;0
55566;-120;119;0;0
55629;-120;119;0;0
55692;-120;119;0;-29
55755;-120;119;0;-29
55818;-120;119;0;-29
55881;-120;119;0;-29
55944;-120;119;0;-29
56007;-120;119;0;-104
56070;-120;119;0;-104
56133;-120;119;0;-104
56196;-120;119;0;-104
56259;-120;117;0;-177
56322;-120;114;0;-177
56385;-120;112;0;-177
56448;-120;107;-27;-177
56511;-120;104;-27;-177
56574;-120;102;-27;-177
56637;-120;99;-27;-149
56700;-120;97;-27;-149
56763;-120;93;0;-149
56826;-120;91;0;-149
56889;-120;87;0;-153
56952;-120;85;0;-153
57015;-120;83;0;-153
57078;-120;81;0;-153
57141;-120;79;0;-153
57204;-120;77;0;-153
57267;-120;74;0;-204
57330;-120;68;0;-204
57393;-120;64;0;-204
57456;-120;58;0;-204
57519;-120;54;0;-177
57582;-120;52;0;-177
57645;-120;49;0;-177
57708;-120;44;0;-177
57771;-120;42;0;-177
57834;-120;39;0;-177
57897;-120;37;0;-162
57960;-120;34;0;-162
58023;-120;29;0;-162
58086;-120;27;0;-162
58149;-120;22;0;-158
58212;-120;20;0;-158
58275;-120;18;0;-158
58338;-120;16;0;-158
58401;-120;14;0;-158
58464;-120;12;0;-158
58527;-120;7;0;-155
58590;-120;5;0;-155
58653;-120;3;0;-155
58716;-120;0;0;-155
58779;-120;-2;0;-155
58842;-120;-4;0;-160
58905;-120;-7;0;-160
58968;-120;-12;0;-160
59031;-120;-14;0;-160
59094;-120;-17;0;-160
59157;-120;-19;0;-156
59220;-120;-21;0;-156
59283;-120;-24;0;-156
59346;-120;-28;0;-156
59409;-120;-32;0;-149
59472;-120;-34;0;-149
59535;-120;-36;0;-149
59598;-120;-38;0;-149
59661;-120;-40;0;-149
59724;-120;-42;0;-149
59787;-120;-46;0;-121
59850;-120;-48;0;-121
59913;-120;-51;0;-121
59976;-120;-53;0;-121
60039;-120;-54;0;-121
60102;-120;-55;0;-108
60165;-120;-55;0;-108
60228;-120;-55;0;-108
60291;-120;-55;0;-108
60354;-120;-55;0;-108
60417;-120;-58;0;-121
60480;-120;-60;0;-121
60543;-120;-61;0;-121
60606;-120;-63;0;-121
60669;-120;-65;0;-121
60732;-120;-67;0;-142
60795;-120;-71;0;-142
60858;-120;-73;0;-142
60921;-120;-75;0;-142
60984;-120;-77;0;-142
61047;-120;-78;0;-86
61110;-120;-78;0;-86
61173;-120;-78;0;-86
61236;-120;-78;0;-86
61299;-120;-78;0;-86
61362;-120;-78;0;-108
61425;-120;-78;0;-108
61488;-120;-78;0;-108
61551;-120;-78;0;-108
61614;-120;-78;0;-167
61677;-120;-83;0;-167
61740;-120;-86;0;-167
61803;-120;-88;0;-167
61866;-120;-91;0;-167
61929;-120;-93;0;-97
61992;-120;-93;0;-97
62055;-120;-93;0;-97
62118;-120;-93;0;-97
62181;-120;-93;0;-97
62244;-120;-93;0;-97
62307;-120;-96;0;-125
62370;-120;-98;0;-125
62433;-120;-100;0;-125
62496;-120;-103;0;-125
62559;-120;-105;0;-130
62622;-120;-107;0;-130
62685;-120;-108;0;-130
62748;-120;-112;0;-130
62811;-120;-114;0;-130
62874;-120;-114;0;-83
62937;-120;-114;0;-83
63000;-120;-114;0;-83
63063;-120;-114;0;-83
63126;-120;-114;0;-83
63189;-120;-114;0;-30
63252;-120;-114;0;-30
63315;-120;-114;0;-30
63378;-120;-114;0;-30
63441;-120;-114;0;-30
63504;-120;-114;0;0
63567;-120;-114;0;0
63630;-120;-114;0;0
63693;-120;-114;0;0
63756;-120;-114;0;0
63819;-120;-114;0;0
63882;-120;-114;0;0
63945;-120;-114;0;0
64008;-120;-114;0;0
64071;-120;-114;0;0
64134;-120;-114;0;0
64197;-120;-114;0;0
64260;-120;-114;0;0
64323;-120;-114;0;0
64386;-120;-114;0;0
64449;-120;-114;0;0
64512;-120;-114;0;0
64575;-120;-114;0;0
64638;-120;-114;0;0
64701;-120;-114;0;0
64764;-120;-114;0;0
64827;-120;-114;0;0
64890;-120;-114;0;0
64953;-120;-114;0;0
65016;-120;-114;0;0
65079;-120;-114;0;0
65142;-120;-114;0;0
65205;-120;-114;0;0
65268;-120;-114;0;0
65331;-120;-114;0;0
65394;-120;-114;0;0
65457;-120;-114;0;0
65520;-120;-114;0;0
65583;-120;-114;0;0
65646;-120;-114;0;0
65709;-120;-114;0;0
65772;-120;-114;0;0
65835;-120;-114;0;0
65898;-120;-114;0;0
65961;-120;-114;0;-26
66024;-120;-114;0;-26
66087;-120;-114;150;-26
66150;-118;-114;150;-26
66213;-116;-114;150;-26
66276;-112;-114;150;-52
66339;-110;-114;150;-52
66402;-108;-114;220;-52
66465;-105;-114;220;-52
66528;-102;-114;220;-52
66591;-95;-114;220;-57
66654;-92;-114;220;-57
66717;-88;-114;220;-57
66780;-85;-114;232;-57
66843;-79;-114;232;-57
66906;-75;-114;232;-57
66969;-72;-114;232;-66
67032;-69;-114;232;-66
67095;-60;-114;267;-66
67158;-55;-114;267;-66
67221;-50;-114;267;-66
67284;-45;-114;267;-72
67347;-41;-114;267;-72
67410;-31;-114;251;-72
67473;-27;-114;251;-72
67536;-17;-114;251;-65
67599;-12;-114;251;-65
67662;-5;-114;196;-65
67725;0;-114;196;-65
67788;4;-114;196;-63
67851;7;-114;196;-63
67914;10;-114;182;-63
67977;15;-114;182;-63
68040;17;-114;182;-63
68103;20;-114;182;-65
68166;22;-114;182;-65
68229;28;-114;189;-65
68292;31;-114;189;-65
68355;35;-114;189;-65
68418;38;-114;189;-54
68481;41;-114;189;-54
68544;47;-114;178;-54
68607;49;-114;178;-54
68670;52;-114;178;-54
68733;54;-114;178;-54
68796;59;-114;178;-43
68859;62;-114;169;-43
68922;64;-114;169;-43
68985;69;-114;169;-43
69048;72;-114;169;-38
69111;74;-114;169;-38
69174;79;-114;171;-38
69237;82;-114;171;-38
69300;84;-114;171;-38
69363;87;-114;171;-34
69426;92;-114;140;-34
69489;96;-114;140;-34
69552;98;-114;140;-34
69615;102;-114;140;-41
69678;103;-114;117;-41
69741;105;-114;117;-41
69804;106;-114;117;-41
69867;109;-114;117;-45
69930;111;-114;117;-45
69993;112;-114;117;-45
70056;113;-114;94;-45
70119;113;-114;94;-45
70182;113;-114;94;-38
70245;113;-114;94;-38
70308;113;-114;94;-38
70371;113;-114;34;-38
70434;113;-114;34;-38
70497;113;-114;34;-26
70560;113;-114;34;-26
70623;113;-114;34;-26
70686;113;-114;54;-26
70749;113;-114;54;-26
70812;113;-114;54;-28
70875;113;-114;54;-28
70938;113;-114;54;-28
71001;113;-114;34;-28
71064;113;-114;34;-28
71127;113;-114;34;-28
71190;113;-114;34;0
71253;113;-114;34;0
71316;113;-114;0;0
71379;113;-114;0;0
71442;113;-114;0;0
71505;113;-114;0;0
71568;113;-114;0;0
71631;113;-114;0;0
71694;113;-114;0;0
71757;113;-114;0;0
71820;113;-114;0;0
71883;113;-114;0;0
71946;113;-114;0;47
72009;113;-114;0;47
72072;113;-114;-40;47
72135;113;-114;-40;47
72198;113;-114;-40;47
72261;113;-114;-40;56
72324;113;-114;-40;56
72387;113;-114;-43;56
72450;113;-114;-43;56
72513;113;-114;-43;85
72576;113;-114;-43;85
72639;113;-114;-43;85
72702;113;-114;-60;85
72765;113;-114;-60;85
72828;113;-114;-60;81
72891;113;-114;-60;81
72954;113;-114;-60;81
73017;113;-114;-60;81
73080;113;-114;-60;81
73143;113;-114;-60;81
73206;113;-113;-60;120
73269;113;-111;-60;120
73332;113;-108;-72;120
73395;113;-106;-72;120
73458;113;-105;-72;120
73521;113;-104;-72;66
73584;113;-104;-72;66
73647;113;-104;-78;66
73710;113;-104;-78;66
73773;113;-104;-78;0
73836;113;-104;-78;0
73899;113;-104;-78;0
73962;112;-104;-135;0
74025;108;-104;-135;0
74088;107;-104;-135;86
74151;105;-104;-135;86
74214;101;-104;-126;86
74277;99;-104;-126;86
74340;97;-104;-126;86
74403;94;-104;-126;91
74466;91;-104;-40;91
74529;91;-104;-40;91
74592;91;-104;-40;89
74655;91;-104;-40;89
74718;91;-104;-40;89
74781;91;-104;-32;89
74844;91;-104;-32;89
74907;91;-104;-32;156
74970;91;-102;-32;156
75033;91;-100;-32;156
75096;91;-98;-33;156
75159;91;-93;-33;156
75222;91;-91;-33;156
75285;91;-91;-33;97
75348;91;-91;-33;97
75411;91;-91;-33;97
75474;91;-91;-109;97
75537;91;-91;-109;97
75600;91;-91;-109;93
75663;91;-91;-109;93
75726;91;-91;-109;93
75789;91;-91;-104;93
75852;91;-91;-104;93
75915;91;-84;-104;257
75978;91;-79;-104;257
76041;91;-75;-104;257
76104;91;-70;-94;257
76167;91;-61;-94;257
76230;91;-58;-94;0
76293;91;-58;-94;0
76356;90;-58;-116;-52
76419;89;-58;-116;-52
76482;87;-58;-116;-52
76545;86;-58;-116;-52
76608;83;-58;-116;-52
76671;82;-58;-82;0
76734;82;-58;-82;0
76797;82;-58;-82;56
76860;82;-58;-82;56
76923;82;-58;-89;56
76986;82;-58;-89;56
77049;82;-58;-89;90
77112;82;-58;-89;90
77175;82;-58;-89;90
77238;82;-58;-89;90
77301;74;-58;-257;90
77364;66;-56;-257;138
77427;61;-54;-257;138
77490;53;-50;-176;138
77553;50;-48;-176;138
77616;45;-46;-176;77
77679;39;-46;-176;77
77742;39;-46;-80;77
77805;39;-46;-80;77
77868;39;-46;-80;77
77931;39;-45;-80;136
77994;39;-43;-80;136
78057;38;-41;-139;136
78120;34;-37;-139;136
78183;32;-35;-139;136
78246;30;-33;-139;118
78309;26;-30;-136;118
78372;24;-29;-136;118
78435;20;-26;-136;118
78498;18;-24;-136;27
78561;14;-24;-156;27
78624;12;-24;-156;27
78687;7;-24;-156;27
78750;3;-22;-156;173
78813;0;-19;-96;173
78876;0;-14;-96;173
78939;0;-9;-96;109
79002;0;-9;-96;109
79065;0;-9;-93;109
79128;0;-9;-93;109
79191;0;-9;-93;109
79254;0;-9;-93;98
79317;0;-9;-93;98
79380;-2;-9;-145;98
79443;-4;-9;-145;98
79506;-8;-6;-145;232
79569;-12;0;-137;232
79632;-16;6;-137;232
79695;-22;11;-137;0
79758;-24;11;-137;0
79821;-25;11;-88;0
79884;-25;11;-88;89
79947;-25;11;-88;89
80010;-25;11;-88;89
80073;-25;11;-107;89
80136;-25;11;-107;89
80199;-25;11;-107;213
80262;-25;15;-107;213
80325;-25;25;-88;213
80388;-25;28;-88;213
80451;-25;31;-88;42
80514;-25;31;-110;42
80577;-25;31;-110;42
80640;-25;31;-110;42
80703;-25;31;-110;27
80766;-25;31;-110;27
80829;-25;31;-122;27
80892;-26;31;-122;27
80955;-28;31;-122;27
81018;-31;33;-122;156
81081;-35;37;-122;156
81144;-38;41;-111;156
81207;-41;44;-111;52
81270;-42;44;-111;52
81333;-44;44;-88;52
81396;-44;44;-88;0
81459;-44;44;-88;0
81522;-44;44;-88;0
81585;-44;44;-101;0
81648;-44;44;-101;0
81711;-44;45;-101;139
81774;-44;49;-101;139
81837;-45;51;-115;139
81900;-46;53;-115;139
81963;-51;56;-115;35
82026;-52;56;-115;35
82089;-55;56;-128;35
82152;-59;56;-128;42
82215;-62;56;-128;42
82278;-64;56;-93;42
82341;-64;57;-93;188
82404;-64;59;-93;188
82467;-64;62;-93;188
82530;-64;67;-71;188
82593;-64;72;-71;188
82656;-64;72;-71;27
82719;-64;72;-71;27
82782;-64;72;-110;27
82845;-64;72;-110;27
82908;-64;72;-110;0
82971;-64;72;-110;0
83034;-67;72;-138;0
83097;-71;73;-138;122
83160;-72;75;-138;122
83223;-76;78;-118;122
83286;-79;82;-118;122
83349;-82;83;-118;31
83412;-84;83;-80;31
83475;-84;83;-80;31
83538;-84;83;-80;53
83601;-84;83;-80;53
83664;-86;83;-132;53
83727;-88;83;-132;53
83790;-93;87;-132;142
83853;-95;89;-121;142
83916;-100;95;-121;142
83979;-103;97;-121;0
84042;-105;97;-85;0
84105;-105;97;-85;0
84168;-105;97;-85;0
84231;-105;97;-85;0
84294;-105;97;-85;61
84357;-105;97;-95;61
84420;-105;97;-95;61
84483;-105;97;-95;61
84546;-105;99;-95;168
84609;-105;104;-92;168
84672;-105;106;-92;168
84735;-105;109;-92;168
84798;-105;112;-92;0
84861;-105;112;-80;0
84924;-105;112;-80;0
84987;-105;112;-80;0
85050;-105;112;-80;0
85113;-107;112;-113;0
85176;-110;112;-113;0
85239;-113;112;-113;68
85302;-116;112;-130;68
85365;-120;112;-130;68
85428;-122;112;-130;28
85491;-125;112;-48;28
85554;-125;112;-48;28
85617;-125;112;-48;0
85680;-125;112;-39;0
85743;-125;112;-39;0
85806;-125;112;-39;0
85869;-125;112;-39;0
85932;-125;112;-32;0
85995;-125;112;-32;0
86058;-125;112;-32;0
86121;-125;112;-28;0
86184;-125;112;-28;0
86247;-125;112;-28;70
86310;-125;112;-28;70
86373;-125;112;-28;70
86436;-125;112;-28;70
86499;-125;114;-28;209
86562;-125;124;-37;209
86625;-125;127;-37;209
86688;-125;130;-37;0
86751;-125;130;-27;0
86814;-125;126;-27;-161
86877;-125;124;-27;-161
86940;-125;121;-27;-161
87003;-125;116;-36;-161
87066;-125;114;-36;-57
87129;-125;114;-36;-57
87192;-125;114;-36;-57
87255;-125;114;-36;-57
87318;-125;114;0;36
87381;-125;114;0;36
87444;-125;114;0;36
87507;-125;114;0;62
87570;-125;114;0;62
87633;-125;114;-31;62
87696;-125;114;-31;62
87759;-125;114;-31;62
87822;-125;116;-31;112
87885;-125;118;0;112
87948;-125;121;0;112
88011;-125;123;0;0
88074;-125;123;0;0
88137;-125;123;105;-49
88200;-125;123;105;-49
88263;-125;123;105;-49
88326;-125;123;105;-34
88389;-125;123;37;-34
88452;-125;123;37;-34
88515;-125;123;37;-56
88578;-125;123;37;-56
88641;-125;123;0;-56
88704;-125;123;0;-56
88767;-125;123;0;-42
88830;-118;123;211;-42
88893;-112;123;211;-73
88956;-108;123;211;-73
89019;-102;123;296;-73
89082;-98;123;296;-73
89145;-91;123;296;-73
89208;-84;123;296;-53
89271;-76;123;301;-53
89334;-65;123;301;-43
89397;-57;123;255;-43
89460;-48;123;255;-43
89523;-39;123;255;-35
89586;-30;123;218;-35
89649;-23;123;218;-35
89712;-17;123;218;-28
89775;-11;123;173;-28
89838;-8;123;173;-28
89901;-3;123;173;-28
89964;-1;123;173;-28
90027;3;123;197;0
90090;7;123;197;0
90153;13;123;197;0
90216;20;123;197;0
90279;26;123;204;0
90342;33;123;204;0
90405;36;123;204;0
90468;42;123;157;0
90531;45;123;157;0
90594;49;123;157;0
90657;51;123;157;0
90720;55;123;157;0
90783;61;123;134;0
90846;66;123;134;0
90909;69;123;129;0
90972;73;123;129;0
91035;77;123;110;0
91098;77;123;110;0
91161;77;123;110;0
91224;78;123;134;0
91287;83;123;134;0
91350;85;123;134;0
91413;91;123;163;0
91476;95;123;163;0
91539;100;123;163;0
91602;103;123;108;0
91665;103;123;108;0
91728;103;123;108;0
91791;104;123;134;0
91854;108;123;134;0
91917;111;123;134;0
91980;116;123;121;0
92043;118;123;121;0
92106;121;123;121;-26
92169;123;123;121;-26
92232;123;123;0;-26
92295;123;123;0;-26
92358;123;123;0;0
